[{"model": "app.rule", "pk": 1, "fields": {"name": "rule_01"}}, {"model": "app.rule", "pk": 2, "fields": {"name": "rule_02"}}, {"model": "app.user", "pk": 1, "fields": {"name": "admin", "email": "admin@example.com", "password": "admin", "thumbnail_url": null, "role": "admin"}}, {"model": "app.user", "pk": 2, "fields": {"name": "standard", "email": "standard@example.com", "password": "standard", "thumbnail_url": null, "role": "standard"}}, {"model": "app.user", "pk": 3, "fields": {"name": "role-editable", "email": "editable@example.com", "password": "role-editable", "thumbnail_url": null, "role": "standard"}}, {"model": "app.user", "pk": 4, "fields": {"name": "deletable", "email": "deletable@example.com", "password": "deletable", "thumbnail_url": null, "role": "standard"}}, {"model": "app.workspace", "pk": 1, "fields": {"name": "workspace_01", "user": 1}}, {"model": "app.workspace", "pk": 2, "fields": {"name": "workspace_02", "user": 1}}, {"model": "app.workspace", "pk": 3, "fields": {"name": "workspace_03", "user": 1}}, {"model": "app.project", "pk": 1, "fields": {"name": "project_01"}}, {"model": "app.project", "pk": 2, "fields": {"name": "project_02"}}, {"model": "app.project", "pk": 3, "fields": {"name": "project_03"}}, {"model": "app.vin", "pk": 1, "fields": {"name": "vin_01"}}, {"model": "app.vin", "pk": 2, "fields": {"name": "vin_02"}}, {"model": "app.vin", "pk": 3, "fields": {"name": "vin_03"}}, {"model": "app.vin", "pk": 4, "fields": {"name": "vin_04"}}, {"model": "app.ruleversion", "pk": 1, "fields": {"rule": 1, "version_number": "1.0", "user": 1, "date_created": "2021-11-07", "date_modified": "2021-11-07", "state": "Draft", "text": "", "specific_test": "", "test_category": "", "test_type": "", "is_locked": false, "locked_by_user_id": 0}}, {"model": "app.ruleversion", "pk": 2, "fields": {"rule": 1, "version_number": "1.1", "user": 1, "date_created": "2021-11-07", "date_modified": "2021-11-07", "state": "Draft", "text": "", "specific_test": "", "test_category": "", "test_type": "", "is_locked": false, "locked_by_user_id": 0}}, {"model": "app.ruleversion", "pk": 3, "fields": {"rule": 1, "version_number": "1.2", "user": 1, "date_created": "2021-11-07", "date_modified": "2021-11-07", "state": "Draft", "text": "", "specific_test": "", "test_category": "", "test_type": "", "is_locked": false, "locked_by_user_id": 0}}, {"model": "app.ruleversion", "pk": 4, "fields": {"rule": 2, "version_number": "1.0", "user": 1, "date_created": "2021-11-07", "date_modified": "2021-11-07", "state": "Draft", "text": "", "specific_test": "", "test_category": "", "test_type": "", "is_locked": false, "locked_by_user_id": 0}}, {"model": "app.projectshasvin", "pk": 1, "fields": {"project": 1, "vin": 1}}, {"model": "app.projectshasvin", "pk": 2, "fields": {"project": 1, "vin": 2}}, {"model": "app.projectshasvin", "pk": 3, "fields": {"project": 2, "vin": 1}}, {"model": "app.projectshasvin", "pk": 4, "fields": {"project": 2, "vin": 3}}, {"model": "app.projectshasvin", "pk": 5, "fields": {"project": 2, "vin": 4}}, {"model": "app.projectshasvin", "pk": 6, "fields": {"project": 3, "vin": 2}}, {"model": "app.ruleversionhasvin", "pk": 1, "fields": {"rule_version": 4, "vins": 1}}, {"model": "app.ruleversionhasvin", "pk": 2, "fields": {"rule_version": 4, "vins": 4}}, {"model": "app.ruleversionnode", "pk": 1, "fields": {"node_id": 1, "rule_text": "rule_01 1.0 root node", "rule_version": 1, "parent_id": null}}, {"model": "app.ruleversionnode", "pk": 2, "fields": {"node_id": 1, "rule_text": "rule_01 1.1 root node", "rule_version": 2, "parent_id": null}}, {"model": "app.ruleversionnode", "pk": 3, "fields": {"node_id": 1, "rule_text": "rule_01 1.2 root node", "rule_version": 3, "parent_id": null}}, {"model": "app.ruleversionnode", "pk": 5, "fields": {"node_id": 1, "rule_text": "rule_02 1.0 root node", "rule_version": 4, "parent_id": null}}, {"model": "app.ruleversionnote", "pk": 1, "fields": {"user": 1, "date_created": "2021-11-07", "rule_version": 1, "notes": "first note"}}, {"model": "app.ruleversionnote", "pk": 2, "fields": {"user": 1, "date_created": "2021-11-07", "rule_version": 1, "notes": "second note"}}, {"model": "app.ruleversionnote", "pk": 3, "fields": {"user": 1, "date_created": "2021-11-07", "rule_version": 1, "notes": "third note"}}, {"model": "app.workspacesproject", "pk": 1, "fields": {"workspace": 1, "project": 1}}, {"model": "app.workspacesproject", "pk": 2, "fields": {"workspace": 1, "project": 2}}, {"model": "app.workspacesmember", "pk": 1, "fields": {"workspace": 1, "user": 1}}, {"model": "app.workspacesmember", "pk": 2, "fields": {"workspace": 2, "user": 1}}, {"model": "app.workspacesmember", "pk": 3, "fields": {"workspace": 3, "user": 1}}, {"model": "app.workspacesmember", "pk": 4, "fields": {"workspace": 1, "user": 2}}, {"model": "app.workspacesrule", "pk": 4, "fields": {"workspace": 1, "rule": 1}}, {"model": "app.workspacesrule", "pk": 5, "fields": {"workspace": 1, "rule": 2}}]